<?xml version='1.0' encoding='utf-8'?>
<!DOCTYPE hibernate-configuration PUBLIC
        "-//Hibernate/Hibernate Configuration DTD 3.0//EN"
        "http://hibernate.sourceforge.net/hibernate-configuration-3.0.dtd">
 
<hibernate-configuration>
    <session-factory>
        <!-- Database connection settings -->
        <property name="connection.driver_class">net.sourceforge.jtds.jdbc.Driver</property>
        <property name="connection.url">jdbc:jtds:sqlserver://localhost:1433/OanAb;instance=SQLEXPRESS;integratedSecurity=true;pooling=true;</property>
        <!-- <property name="connection.username">sa</property>
        <property name="connection.password">123456</property> -->
        
        <!-- JDBC connection pool (use the built-in) -->
        <property name="connection.pool_size">1</property>
        
        <!-- SQL dialect -->
        <property name="dialect">org.hibernate.dialect.SQLServerDialect</property>
        
        <property name="current_session_context_class">thread</property>
        
        <!-- Disable the second-level cache  -->
        <property name="cache.provider_class">org.hibernate.cache.NoCacheProvider</property>
        
        <!-- Echo all executed SQL to stdout -->
        <property name="show_sql">true</property>
        
        <!-- Mention here all the model classes along with their package name -->
<!--  		<mapping class="vn.com.fsoft.model.Admin"/> -->
<!--  		<mapping class="vn.com.fsoft.model.Bill"/> -->
<!--  		<mapping class="vn.com.fsoft.model.Cart"/> -->
 		<mapping class="vn.com.fsoft.model.Category"/>
 		<mapping class="vn.com.fsoft.model.Material"/>
<!--  		<mapping class="vn.com.fsoft.model.Request"/> -->
<!--  		<mapping class="vn.com.fsoft.model.Role"/> -->
 		<mapping class="vn.com.fsoft.model.Shirt"/>
<!--  		<mapping class="vn.com.fsoft.model.Support"/> -->
 		<mapping class="vn.com.fsoft.model.User"/>
 		 
    </session-factory>
</hibernate-configuration>
