<?xml version="1.0" encoding="UTF-8"?>
<beans xmlns="http://www.springframework.org/schema/beans"
	xmlns:context="http://www.springframework.org/schema/context"
	xmlns:xsi="http://www.w3.org/2001/XMLSchema-instance"
	xmlns:mvc="http://www.springframework.org/schema/mvc"
	xsi:schemaLocation="
	http://www.springframework.org/schema/beans  
	http://www.springframework.org/schema/beans/spring-beans.xsd  
	http://www.springframework.org/schema/context  
	http://www.springframework.org/schema/context/spring-context.xsd
	http://www.springframework.org/schema/mvc
	http://www.springframework.org/schema/mvc/spring-mvc.xsd">
	
	<!-- Handler Mapping -->
	<bean id="handlerMapping" class = "org.springframework.web.servlet.handler.BeanNameUrlHandlerMapping"/>
	
	<!-- <import resource="beans.xml" /> -->
	
	<context:component-scan base-package="vn.com.fsoft.controller" />
	<mvc:annotation-driven/>
	
	<context:component-scan base-package="vn.com.fsoft.dao" />
	<mvc:annotation-driven/>
	
	<context:component-scan base-package="vn.com.fsoft.model" />
	<mvc:annotation-driven/>
	
	<context:component-scan base-package="vn.com.fsoft.util" />
	<mvc:annotation-driven/>
	
	<bean id="viewResolver" class="org.springframework.web.servlet.view.InternalResourceViewResolver">
		<property name="prefix" value="/WEB-INF/pages/" />
		<property name="suffix" value=".jsp" />
	</bean>
	
	<bean id = "multipartResolver" class = "org.springframework.web.multipart.commons.CommonsMultipartResolver" />
	
	<mvc:resources mapping="/resources/**" location="/resources/" cache-period="31556926"/>
	<mvc:annotation-driven />
	
</beans>  